index,单词,正确发音（英音）,正确发音（美音）,错误发音
0,access,<div class='audio-player'><div class='play-button'>:loudspeaker:</div><audio preload='auto'><source src='https://dict.youdao.com/dictvoice?audio=access&type=1' type='audio/ogg'></audio><code>/'ækses/</code></div>,<div class='audio-player'><div class='play-button'>:loudspeaker:</div><audio preload='auto'><source src='https://dict.youdao.com/dictvoice?audio=access&type=2' type='audio/ogg'></audio><code>/ˈækses/</code></div>,:x: `/ək'ses/`
1,Adobe,<div class='audio-player'><div class='play-button'>:loudspeaker:</div><audio preload='auto'><source src='https://dict.youdao.com/dictvoice?audio=Adobe&type=1' type='audio/ogg'></audio><code>/ə'dəʊbi/</code></div>,<div class='audio-player'><div class='play-button'>:loudspeaker:</div><audio preload='auto'><source src='https://dict.youdao.com/dictvoice?audio=Adobe&type=2' type='audio/ogg'></audio><code>/ə'dəʊbi/</code></div>,:x: `/əˈdub/`
2,admin,<div class='audio-player'><div class='play-button'>:loudspeaker:</div><audio preload='auto'><source src='https://dict.youdao.com/dictvoice?audio=admin&type=1' type='audio/ogg'></audio><code>/'ædmɪn/</code></div>,<div class='audio-player'><div class='play-button'>:loudspeaker:</div><audio preload='auto'><source src='https://dict.youdao.com/dictvoice?audio=admin&type=2' type='audio/ogg'></audio><code>/ˈædmɪn/</code></div>,:x: `/ɜ:d'mɪn/`
3,adversarial,<div class='audio-player'><div class='play-button'>:loudspeaker:</div><audio preload='auto'><source src='https://dict.youdao.com/dictvoice?audio=adversarial&type=1' type='audio/ogg'></audio><code>/ˌædvəˈseəriəl/</code></div>,<div class='audio-player'><div class='play-button'>:loudspeaker:</div><audio preload='auto'><source src='https://dict.youdao.com/dictvoice?audio=adversarial&type=2' type='audio/ogg'></audio><code>/ˌædvərˈseriəl/</code></div>,:x: `/ədˈvɜːrsəriəl/`
4,agile,<div class='audio-player'><div class='play-button'>:loudspeaker:</div><audio preload='auto'><source src='https://dict.youdao.com/dictvoice?audio=agile&type=1' type='audio/ogg'></audio><code>/'ædʒaɪl/</code></div>,<div class='audio-player'><div class='play-button'>:loudspeaker:</div><audio preload='auto'><source src='https://dict.youdao.com/dictvoice?audio=agile&type=2' type='audio/ogg'></audio><code>/ˈædʒl/</code></div>,:x: `/ə'dʒaɪl/`
5,amazon,<div class='audio-player'><div class='play-button'>:loudspeaker:</div><audio preload='auto'><source src='https://dict.youdao.com/dictvoice?audio=amazon&type=1' type='audio/ogg'></audio><code>/'æməzən/</code></div>,<div class='audio-player'><div class='play-button'>:loudspeaker:</div><audio preload='auto'><source src='https://dict.youdao.com/dictvoice?audio=amazon&type=2' type='audio/ogg'></audio><code>/ˈæməzɑːn/</code></div>,:x: `/'əmeizən/`
6,analogy,<div class='audio-player'><div class='play-button'>:loudspeaker:</div><audio preload='auto'><source src='https://dict.youdao.com/dictvoice?audio=analogy&type=1' type='audio/ogg'></audio><code>/əˈnælədʒi/</code></div>,<div class='audio-player'><div class='play-button'>:loudspeaker:</div><audio preload='auto'><source src='https://dict.youdao.com/dictvoice?audio=analogy&type=2' type='audio/ogg'></audio><code>/əˈnælədʒi/</code></div>,:x: `/ænə'lɒdʒi/`
7,Angular,<div class='audio-player'><div class='play-button'>:loudspeaker:</div><audio preload='auto'><source src='https://dict.youdao.com/dictvoice?audio=Angular&type=1' type='audio/ogg'></audio><code>/'æŋgjʊlə/</code></div>,<div class='audio-player'><div class='play-button'>:loudspeaker:</div><audio preload='auto'><source src='https://dict.youdao.com/dictvoice?audio=Angular&type=2' type='audio/ogg'></audio><code>/ˈæŋɡjələr/</code></div>,:x: `/'æŋɡələ/`
8,AJAX,<div class='audio-player'><div class='play-button'>:loudspeaker:</div><audio preload='auto'><source src='https://dict.youdao.com/dictvoice?audio=AJAX&type=1' type='audio/ogg'></audio><code>/'eidʒæks/</code></div>,<div class='audio-player'><div class='play-button'>:loudspeaker:</div><audio preload='auto'><source src='https://dict.youdao.com/dictvoice?audio=AJAX&type=2' type='audio/ogg'></audio><code>/'eidʒæks/</code></div>,:x: `/ə'dʒʌks/`
9,alias,<div class='audio-player'><div class='play-button'>:loudspeaker:</div><audio preload='auto'><source src='https://dict.youdao.com/dictvoice?audio=alias&type=1' type='audio/ogg'></audio><code>/ˈeɪliəs/</code></div>,<div class='audio-player'><div class='play-button'>:loudspeaker:</div><audio preload='auto'><source src='https://dict.youdao.com/dictvoice?audio=alias&type=2' type='audio/ogg'></audio><code>/ˈeɪliəs/</code></div>,:x: `/ə'lais/`
10,align,<div class='audio-player'><div class='play-button'>:loudspeaker:</div><audio preload='auto'><source src='https://dict.youdao.com/dictvoice?audio=align&type=1' type='audio/ogg'></audio><code>/əˈlaɪn/</code></div>,<div class='audio-player'><div class='play-button'>:loudspeaker:</div><audio preload='auto'><source src='https://dict.youdao.com/dictvoice?audio=align&type=2' type='audio/ogg'></audio><code>/əˈlaɪn/</code></div>,:x: `/ə'lidʒen/`
11,Apache,<div class='audio-player'><div class='play-button'>:loudspeaker:</div><audio preload='auto'><source src='https://dict.youdao.com/dictvoice?audio=Apache&type=1' type='audio/ogg'></audio><code>/ə'pætʃɪ/</code></div>,<div class='audio-player'><div class='play-button'>:loudspeaker:</div><audio preload='auto'><source src='https://dict.youdao.com/dictvoice?audio=Apache&type=2' type='audio/ogg'></audio><code>/əˈpætʃi/</code></div>,:x: `/ʌpʌtʃ/`
12,app,<div class='audio-player'><div class='play-button'>:loudspeaker:</div><audio preload='auto'><source src='https://dict.youdao.com/dictvoice?audio=app&type=1' type='audio/ogg'></audio><code>/æp/</code></div>,<div class='audio-player'><div class='play-button'>:loudspeaker:</div><audio preload='auto'><source src='https://dict.youdao.com/dictvoice?audio=app&type=2' type='audio/ogg'></audio><code>/æp/</code></div>,:x: `/eipi'pi/`
13,archive,<div class='audio-player'><div class='play-button'>:loudspeaker:</div><audio preload='auto'><source src='https://dict.youdao.com/dictvoice?audio=archive&type=1' type='audio/ogg'></audio><code>/'ɑːkaɪv/</code></div>,<div class='audio-player'><div class='play-button'>:loudspeaker:</div><audio preload='auto'><source src='https://dict.youdao.com/dictvoice?audio=archive&type=2' type='audio/ogg'></audio><code>/'ɑːkaɪv/</code></div>,:x: `/'ətʃɪv/`
14,array,<div class='audio-player'><div class='play-button'>:loudspeaker:</div><audio preload='auto'><source src='https://dict.youdao.com/dictvoice?audio=array&type=1' type='audio/ogg'></audio><code>/ə'rei/</code></div>,<div class='audio-player'><div class='play-button'>:loudspeaker:</div><audio preload='auto'><source src='https://dict.youdao.com/dictvoice?audio=array&type=2' type='audio/ogg'></audio><code>/əˈreɪ/</code></div>,:x: `/æ'rei/`
15,ASCII,<div class='audio-player'><div class='play-button'>:loudspeaker:</div><audio preload='auto'><source src='https://dict.youdao.com/dictvoice?audio=ascii&type=1' type='audio/ogg'></audio><code>/'æski/</code></div>,<div class='audio-player'><div class='play-button'>:loudspeaker:</div><audio preload='auto'><source src='https://dict.youdao.com/dictvoice?audio=ascii&type=2' type='audio/ogg'></audio><code>/ˈæski/</code></div>,:x: `/ɑːsk/`
16,aspect,<div class='audio-player'><div class='play-button'>:loudspeaker:</div><audio preload='auto'><source src='https://dict.youdao.com/dictvoice?audio=aspect&type=1' type='audio/ogg'></audio><code>/'æspekt/</code></div>,<div class='audio-player'><div class='play-button'>:loudspeaker:</div><audio preload='auto'><source src='https://dict.youdao.com/dictvoice?audio=aspect&type=2' type='audio/ogg'></audio><code>/ˈæspekt/</code></div>,:x: `/ə'spekt/`
17,async,<div class='audio-player'><div class='play-button'>:loudspeaker:</div><audio preload='auto'><source src='https://dict.youdao.com/dictvoice?audio=async&type=1' type='audio/ogg'></audio><code>/əˈsɪŋk/</code></div>,<div class='audio-player'><div class='play-button'>:loudspeaker:</div><audio preload='auto'><source src='https://dict.youdao.com/dictvoice?audio=async&type=2' type='audio/ogg'></audio><code>/æˈsɪŋk/</code></div>,:x: `/'æsɪŋk/`
18,avatar,<div class='audio-player'><div class='play-button'>:loudspeaker:</div><audio preload='auto'><source src='https://dict.youdao.com/dictvoice?audio=avatar&type=1' type='audio/ogg'></audio><code>/'ævətɑː/</code></div>,<div class='audio-player'><div class='play-button'>:loudspeaker:</div><audio preload='auto'><source src='https://dict.youdao.com/dictvoice?audio=avatar&type=2' type='audio/ogg'></audio><code>/ˈævətɑːr/</code></div>,:x: `/ə'vʌtɑ/`
19,Azure,<div class='audio-player'><div class='play-button'>:loudspeaker:</div><audio preload='auto'><source src='https://dict.youdao.com/dictvoice?audio=azure&type=1' type='audio/ogg'></audio><code>/'æʒə/</code></div>,<div class='audio-player'><div class='play-button'>:loudspeaker:</div><audio preload='auto'><source src='https://dict.youdao.com/dictvoice?audio=azure&type=2' type='audio/ogg'></audio><code>/ˈæʒər/</code></div>,:x: `/ˈæzʊʒə/`
20,bind,<div class='audio-player'><div class='play-button'>:loudspeaker:</div><audio preload='auto'><source src='https://dict.youdao.com/dictvoice?audio=bind&type=1' type='audio/ogg'></audio><code>/baɪnd/</code></div>,<div class='audio-player'><div class='play-button'>:loudspeaker:</div><audio preload='auto'><source src='https://dict.youdao.com/dictvoice?audio=bind&type=2' type='audio/ogg'></audio><code>/baɪnd/</code></div>,:x: `/bɪnd/`
21,BIOS,<div class='audio-player'><div class='play-button'>:loudspeaker:</div><audio preload='auto'><source src='https://dict.youdao.com/dictvoice?audio=bios&type=1' type='audio/ogg'></audio><code>/ˈbaɪɒs/</code></div>,<div class='audio-player'><div class='play-button'>:loudspeaker:</div><audio preload='auto'><source src='https://dict.youdao.com/dictvoice?audio=bios&type=2' type='audio/ogg'></audio><code>/'baɪɑs/</code></div>,:x: `/ˈbɪɒs/`
22,cache,<div class='audio-player'><div class='play-button'>:loudspeaker:</div><audio preload='auto'><source src='https://dict.youdao.com/dictvoice?audio=cache&type=1' type='audio/ogg'></audio><code>/kæʃ/</code></div>,<div class='audio-player'><div class='play-button'>:loudspeaker:</div><audio preload='auto'><source src='https://dict.youdao.com/dictvoice?audio=cache&type=2' type='audio/ogg'></audio><code>/kæʃ/</code></div>,:x: `/kætʃ/`
23,canal,<div class='audio-player'><div class='play-button'>:loudspeaker:</div><audio preload='auto'><source src='https://dict.youdao.com/dictvoice?audio=canal&type=1' type='audio/ogg'></audio><code>/kəˈnæl/</code></div>,<div class='audio-player'><div class='play-button'>:loudspeaker:</div><audio preload='auto'><source src='https://dict.youdao.com/dictvoice?audio=canal&type=2' type='audio/ogg'></audio><code>/kəˈnæl/</code></div>,:x: `/ˈkænl/`
24,chaos,<div class='audio-player'><div class='play-button'>:loudspeaker:</div><audio preload='auto'><source src='https://dict.youdao.com/dictvoice?audio=chaos&type=1' type='audio/ogg'></audio><code>/ˈkeɪɒs/</code></div>,<div class='audio-player'><div class='play-button'>:loudspeaker:</div><audio preload='auto'><source src='https://dict.youdao.com/dictvoice?audio=chaos&type=2' type='audio/ogg'></audio><code>/ˈkeɪɑːs/</code></div>,:x: `/ˈtʃoʊs/`
25,Chrome,<div class='audio-player'><div class='play-button'>:loudspeaker:</div><audio preload='auto'><source src='https://dict.youdao.com/dictvoice?audio=chrome&type=1' type='audio/ogg'></audio><code>/krəʊm/</code></div>,<div class='audio-player'><div class='play-button'>:loudspeaker:</div><audio preload='auto'><source src='https://dict.youdao.com/dictvoice?audio=chrome&type=2' type='audio/ogg'></audio><code>/kroʊm/</code></div>,:x: `/tʃɔːm/`
26,clang,<div class='audio-player'><div class='play-button'>:loudspeaker:</div><audio preload='auto'><source src='https://dict.youdao.com/dictvoice?audio=clang&type=1' type='audio/ogg'></audio><code>/klæŋ/</code></div>,<div class='audio-player'><div class='play-button'>:loudspeaker:</div><audio preload='auto'><source src='https://dict.youdao.com/dictvoice?audio=clang&type=2' type='audio/ogg'></audio><code>/klæŋ/</code></div>,:x: `/sɪlæŋ/`
27,context,<div class='audio-player'><div class='play-button'>:loudspeaker:</div><audio preload='auto'><source src='https://dict.youdao.com/dictvoice?audio=context&type=1' type='audio/ogg'></audio><code>/ˈkɒntekst/</code></div>,<div class='audio-player'><div class='play-button'>:loudspeaker:</div><audio preload='auto'><source src='https://dict.youdao.com/dictvoice?audio=context&type=2' type='audio/ogg'></audio><code>/ ˈkɑːntekst/</code></div>,:x: `/kənˈtekst/`
28,Coq,"<div class='audio-player'><div class='play-button'>:loudspeaker:</div><audio preload='auto'><source src='https://upload.wikimedia.org/wikipedia/commons/4/47/Fr-coq.ogg' type='audio/ogg'></audio>IPA French <code>['kɔkʲ]</code>, 读若拼音<code>“goq”</code></div>", ,:x: IPA English ['kʰɒk]
29,daemon,<div class='audio-player'><div class='play-button'>:loudspeaker:</div><audio preload='auto'><source src='https://dict.youdao.com/dictvoice?audio=Daemon&type=1' type='audio/ogg'></audio><code>/'diːmən/</code></div>,<div class='audio-player'><div class='play-button'>:loudspeaker:</div><audio preload='auto'><source src='https://dict.youdao.com/dictvoice?audio=Daemon&type=2' type='audio/ogg'></audio><code>/ˈdiːmən/</code></div>,:x: `/dæmən/`
30,debt,<div class='audio-player'><div class='play-button'>:loudspeaker:</div><audio preload='auto'><source src='https://dict.youdao.com/dictvoice?audio=debt&type=1' type='audio/ogg'></audio><code>/det/</code></div>,<div class='audio-player'><div class='play-button'>:loudspeaker:</div><audio preload='auto'><source src='https://dict.youdao.com/dictvoice?audio=debt&type=2' type='audio/ogg'></audio><code>/det/</code></div>,:x: `/de'bit/`
31,deny,<div class='audio-player'><div class='play-button'>:loudspeaker:</div><audio preload='auto'><source src='https://dict.youdao.com/dictvoice?audio=deny&type=1' type='audio/ogg'></audio><code>/dɪ'naɪ/</code></div>,<div class='audio-player'><div class='play-button'>:loudspeaker:</div><audio preload='auto'><source src='https://dict.youdao.com/dictvoice?audio=deny&type=2' type='audio/ogg'></audio><code>/dɪˈnaɪ/</code></div>,:x: `/'dæni/`
32,deprecate,<div class='audio-player'><div class='play-button'>:loudspeaker:</div><audio preload='auto'><source src='https://dict.youdao.com/dictvoice?audio=deprecate&type=1' type='audio/ogg'></audio><code>/ˈdeprəkeɪt/</code></div>,<div class='audio-player'><div class='play-button'>:loudspeaker:</div><audio preload='auto'><source src='https://dict.youdao.com/dictvoice?audio=deprecate&type=2' type='audio/ogg'></audio><code>/ˈdeprəkeɪt/</code></div>,:x: 
33,deque,<div class='audio-player'><div class='play-button'>:loudspeaker:</div><audio preload='auto'><source src='https://dict.youdao.com/dictvoice?audio=deque&type=1' type='audio/ogg'></audio><code>/'dek/</code></div>,<div class='audio-player'><div class='play-button'>:loudspeaker:</div><audio preload='auto'><source src='https://dict.youdao.com/dictvoice?audio=deque&type=2' type='audio/ogg'></audio><code>/dɛk/</code></div>,:x: `/di'kju/`
34,digest,"<div class='audio-player'><div class='play-button'>:loudspeaker:</div><audio preload='auto'><source src='https://dict.youdao.com/dictvoice?audio=digest&type=1' type='audio/ogg'></audio>n. <code>/'dɑɪdʒɛst/</code>, v. <code>/dɑɪ'dʒɛst/</code></div>","<div class='audio-player'><div class='play-button'>:loudspeaker:</div><audio preload='auto'><source src='https://dict.youdao.com/dictvoice?audio=digest&type=2' type='audio/ogg'></audio><code>/daɪˈdʒest,dɪˈdʒest/</code></div>",:x: `/'dɪgɛst/`
35,Dijkstra,"<div class='audio-player'><div class='play-button'>:loudspeaker:</div><audio preload='auto'><source src='https://upload.wikimedia.org/wikipedia/commons/8/85/Dijkstra.ogg' type='audio/ogg'></audio>Dutch:<code>/ˈdɛikstra/</code>, English:<code>/ˈdaɪkstrə/</code></div>",<div class='audio-player'><div class='play-button'>:loudspeaker:</div><audio preload='auto'><source src='https://upload.wikimedia.org/wikipedia/commons/8/85/Dijkstra.ogg' type='audio/ogg'></audio></div>,:x: 
36,Django,<div class='audio-player'><div class='play-button'>:loudspeaker:</div><audio preload='auto'><source src='https://dict.youdao.com/dictvoice?audio=Django&type=1' type='audio/ogg'></audio><code>/ˈdʒæŋɡoʊ/</code></div>,<div class='audio-player'><div class='play-button'>:loudspeaker:</div><audio preload='auto'><source src='https://dict.youdao.com/dictvoice?audio=Django&type=2' type='audio/ogg'></audio><code>/ˈdʒæŋɡoʊ/</code></div>,:x: `/diˈdʒæŋɡoʊ/`
37,doc,<div class='audio-player'><div class='play-button'>:loudspeaker:</div><audio preload='auto'><source src='https://dict.youdao.com/dictvoice?audio=doc&type=1' type='audio/ogg'></audio><code>/dɒk/</code></div>,<div class='audio-player'><div class='play-button'>:loudspeaker:</div><audio preload='auto'><source src='https://dict.youdao.com/dictvoice?audio=doc&type=2' type='audio/ogg'></audio><code>/dɒk/</code></div>,:x: `/daʊk/`
38,dotnet,<div class='audio-player'><div class='play-button'>:loudspeaker:</div><audio preload='auto'><source src='https://dict.youdao.com/dictvoice?audio=dotnet&type=1' type='audio/ogg'></audio><code>/dɒtnet/</code></div>,<div class='audio-player'><div class='play-button'>:loudspeaker:</div><audio preload='auto'><source src='https://dict.youdao.com/dictvoice?audio=dotnet&type=2' type='audio/ogg'></audio><code>/dɑːtnet/</code></div>,:x: `/daʊtnet/`
39,edition,<div class='audio-player'><div class='play-button'>:loudspeaker:</div><audio preload='auto'><source src='https://dict.youdao.com/dictvoice?audio=edition&type=1' type='audio/ogg'></audio><code>/ɪˈdɪʃ(ə)n/</code></div>,<div class='audio-player'><div class='play-button'>:loudspeaker:</div><audio preload='auto'><source src='https://dict.youdao.com/dictvoice?audio=edition&type=2' type='audio/ogg'></audio><code>/ɪˈdɪʃn/</code></div>,:x: `/eˈdɪʃn/`
40,ephemeral,<div class='audio-player'><div class='play-button'>:loudspeaker:</div><audio preload='auto'><source src='https://dict.youdao.com/dictvoice?audio=ephemeral&type=1' type='audio/ogg'></audio><code>/ɪˈfemərəl/</code></div>,<div class='audio-player'><div class='play-button'>:loudspeaker:</div><audio preload='auto'><source src='https://dict.youdao.com/dictvoice?audio=ephemeral&type=2' type='audio/ogg'></audio><code>/ɪˈfemərəl/</code></div>,:x: `/efe'merəl/`
41,epoch,<div class='audio-player'><div class='play-button'>:loudspeaker:</div><audio preload='auto'><source src='https://dict.youdao.com/dictvoice?audio=epoch&type=1' type='audio/ogg'></audio><code>/ˈiːpɒk/</code></div>,<div class='audio-player'><div class='play-button'>:loudspeaker:</div><audio preload='auto'><source src='https://dict.youdao.com/dictvoice?audio=epoch&type=2' type='audio/ogg'></audio><code>/ˈepək/</code></div>,:x: `/'ɛpətʃ/`
42,execute,<div class='audio-player'><div class='play-button'>:loudspeaker:</div><audio preload='auto'><source src='https://dict.youdao.com/dictvoice?audio=execute&type=1' type='audio/ogg'></audio><code>/ˈeksɪkjuːt/</code></div>,<div class='audio-player'><div class='play-button'>:loudspeaker:</div><audio preload='auto'><source src='https://dict.youdao.com/dictvoice?audio=execute&type=2' type='audio/ogg'></audio><code>/ˈeksɪkjuːt/</code></div>,:x: 
43,executor,<div class='audio-player'><div class='play-button'>:loudspeaker:</div><audio preload='auto'><source src='https://dict.youdao.com/dictvoice?audio=executor&type=1' type='audio/ogg'></audio><code>/ɪɡˈzekjətə(r)/</code></div>,<div class='audio-player'><div class='play-button'>:loudspeaker:</div><audio preload='auto'><source src='https://dict.youdao.com/dictvoice?audio=executor&type=2' type='audio/ogg'></audio><code>/ɪɡˈzekjətər/</code></div>,:x: 
44,event,<div class='audio-player'><div class='play-button'>:loudspeaker:</div><audio preload='auto'><source src='https://dict.youdao.com/dictvoice?audio=event&type=1' type='audio/ogg'></audio><code>/ɪ'vent/</code></div>,<div class='audio-player'><div class='play-button'>:loudspeaker:</div><audio preload='auto'><source src='https://dict.youdao.com/dictvoice?audio=event&type=2' type='audio/ogg'></audio><code>/ɪˈvent/</code></div>,:x: `/'ɪvənt/`
45,exit,<div class='audio-player'><div class='play-button'>:loudspeaker:</div><audio preload='auto'><source src='https://dict.youdao.com/dictvoice?audio=exit&type=1' type='audio/ogg'></audio><code>/ˈeksɪt/</code></div>,<div class='audio-player'><div class='play-button'>:loudspeaker:</div><audio preload='auto'><source src='https://dict.youdao.com/dictvoice?audio=exit&type=2' type='audio/ogg'></audio><code>/ˈeksɪt; ˈeɡzɪt/</code></div>,:x: `/ig'zit/`
46,facade,<div class='audio-player'><div class='play-button'>:loudspeaker:</div><audio preload='auto'><source src='https://dict.youdao.com/dictvoice?audio=facade&type=1' type='audio/ogg'></audio><code>/fə'sɑːd/</code></div>,<div class='audio-player'><div class='play-button'>:loudspeaker:</div><audio preload='auto'><source src='https://dict.youdao.com/dictvoice?audio=facade&type=2' type='audio/ogg'></audio><code>/fəˈsɑːd/</code></div>,:x: `/'feikeid/`
47,fedora,<div class='audio-player'><div class='play-button'>:loudspeaker:</div><audio preload='auto'><source src='https://dict.youdao.com/dictvoice?audio=fedora&type=1' type='audio/ogg'></audio><code>/fɪ'dɔːrə/</code></div>,<div class='audio-player'><div class='play-button'>:loudspeaker:</div><audio preload='auto'><source src='https://dict.youdao.com/dictvoice?audio=fedora&type=2' type='audio/ogg'></audio><code>/fɪˈdɔːrə/</code></div>,:x: `/'fedərə/`
48,format,<div class='audio-player'><div class='play-button'>:loudspeaker:</div><audio preload='auto'><source src='https://dict.youdao.com/dictvoice?audio=format&type=1' type='audio/ogg'></audio><code>/'fɔːmæt/</code></div>,<div class='audio-player'><div class='play-button'>:loudspeaker:</div><audio preload='auto'><source src='https://dict.youdao.com/dictvoice?audio=format&type=2' type='audio/ogg'></audio><code>/ˈfɔːrmæt/</code></div>,:x: `/fɔ'mæt/`
49,gauge,<div class='audio-player'><div class='play-button'>:loudspeaker:</div><audio preload='auto'><source src='https://dict.youdao.com/dictvoice?audio=gauge&type=1' type='audio/ogg'></audio><code>/ɡeɪdʒ/</code></div>,<div class='audio-player'><div class='play-button'>:loudspeaker:</div><audio preload='auto'><source src='https://dict.youdao.com/dictvoice?audio=gauge&type=2' type='audio/ogg'></audio><code>/ɡeɪdʒ/</code></div>,:x: `/ɡɑudʒ/`
50,Git,<div class='audio-player'><div class='play-button'>:loudspeaker:</div><audio preload='auto'><source src='https://dict.youdao.com/dictvoice?audio=git&type=1' type='audio/ogg'></audio><code>/ɡɪt/</code></div>,<div class='audio-player'><div class='play-button'>:loudspeaker:</div><audio preload='auto'><source src='https://dict.youdao.com/dictvoice?audio=git&type=2' type='audio/ogg'></audio><code>/ɡɪt/</code></div>,:x: `/dʒɪt/`
51,GNU,<div class='audio-player'><div class='play-button'>:loudspeaker:</div><audio preload='auto'><source src='https://upload.wikimedia.org/wikipedia/commons/2/24/En-gnu.ogg' type='audio/ogg'></audio><code>/gnu:/</code></div>,"<div class='audio-player'><div class='play-button'>:loudspeaker:</div><audio preload='auto'><source src='https://upload.wikimedia.org/wikipedia/commons/2/24/En-gnu.ogg' type='audio/ogg'></audio><code>/gnuː,gnjuː/</code></div>",:x: 
52,Grafana,<div class='audio-player'><div class='play-button'>:loudspeaker:</div><audio preload='auto'><source src='http://www.howtopronounce.cc/file/e204a97ed1e440c5ab15ea0117beb955.mp3' type='audio/ogg'></audio><code>/grəˈfɑːnˌɑː/</code></div>,<div class='audio-player'><div class='play-button'>:loudspeaker:</div><audio preload='auto'><source src='http://www.howtopronounce.cc/file/e204a97ed1e440c5ab15ea0117beb955.mp3' type='audio/ogg'></audio><code>/grəˈfɑːnˌɑː/</code></div>,:x: 
53,GraphQL,<div class='audio-player'><div class='play-button'>:loudspeaker:</div><audio preload='auto'><source src='https://dict.youdao.com/dictvoice?audio=GraphQL&type=1' type='audio/ogg'></audio><code>/græf kju ɛl/</code></div>,<div class='audio-player'><div class='play-button'>:loudspeaker:</div><audio preload='auto'><source src='https://dict.youdao.com/dictvoice?audio=GraphQL&type=2' type='audio/ogg'></audio><code>/græf kju ɛl/</code></div>,:x: `/dʒɪgræf kju ɛl/`
54,GUI,<div class='audio-player'><div class='play-button'>:loudspeaker:</div><audio preload='auto'><source src='https://dict.youdao.com/dictvoice?audio=GUI&type=1' type='audio/ogg'></audio><code>/ˈɡu:i/</code></div>,<div class='audio-player'><div class='play-button'>:loudspeaker:</div><audio preload='auto'><source src='https://dict.youdao.com/dictvoice?audio=GUI&type=2' type='audio/ogg'></audio><code>/ˈɡu:i/</code></div>,:x: 
55,Haskell,<div class='audio-player'><div class='play-button'>:loudspeaker:</div><audio preload='auto'><source src='https://dict.youdao.com/dictvoice?audio=haskell&type=1' type='audio/ogg'></audio><code>/ˈhæskəl/</code></div>,<div class='audio-player'><div class='play-button'>:loudspeaker:</div><audio preload='auto'><source src='https://dict.youdao.com/dictvoice?audio=haskell&type=2' type='audio/ogg'></audio><code>/ˈhæskəl/</code></div>,:x: `/hæˈskəl/`
56,height,<div class='audio-player'><div class='play-button'>:loudspeaker:</div><audio preload='auto'><source src='https://dict.youdao.com/dictvoice?audio=height&type=1' type='audio/ogg'></audio><code>/haɪt/</code></div>,<div class='audio-player'><div class='play-button'>:loudspeaker:</div><audio preload='auto'><source src='https://dict.youdao.com/dictvoice?audio=height&type=2' type='audio/ogg'></audio><code>/haɪt/</code></div>,:x: `/heɪt/`
57,hidden,<div class='audio-player'><div class='play-button'>:loudspeaker:</div><audio preload='auto'><source src='https://dict.youdao.com/dictvoice?audio=hidden&type=1' type='audio/ogg'></audio><code>/'hɪdn/</code></div>,<div class='audio-player'><div class='play-button'>:loudspeaker:</div><audio preload='auto'><source src='https://dict.youdao.com/dictvoice?audio=hidden&type=2' type='audio/ogg'></audio><code>/ˈhɪdn/</code></div>,:x: `/'haɪdn/`
58,IEEE,<div class='audio-player'><div class='play-button'>:loudspeaker:</div><audio preload='auto'><source src='https://dict.youdao.com/dictvoice?audio=I_triple_e&type=1' type='audio/ogg'></audio><code>/aɪ ˈtrɪpəl i/</code></div>,<div class='audio-player'><div class='play-button'>:loudspeaker:</div><audio preload='auto'><source src='https://dict.youdao.com/dictvoice?audio=I_triple_e&type=2' type='audio/ogg'></audio><code>/aɪ ˈtrɪpəl i/</code></div>,:x: `/'aɪ'iː'iː'iː/`
59,image,<div class='audio-player'><div class='play-button'>:loudspeaker:</div><audio preload='auto'><source src='https://dict.youdao.com/dictvoice?audio=image&type=1' type='audio/ogg'></audio><code>/'ɪmɪdʒ/</code></div>,<div class='audio-player'><div class='play-button'>:loudspeaker:</div><audio preload='auto'><source src='https://dict.youdao.com/dictvoice?audio=image&type=2' type='audio/ogg'></audio><code>/ˈɪmɪdʒ/</code></div>,:x: `/ɪ'meɪdʒ/`
60,implement,<div class='audio-player'><div class='play-button'>:loudspeaker:</div><audio preload='auto'><source src='https://dict.youdao.com/dictvoice?audio=implement&type=1' type='audio/ogg'></audio><code>/'ɪmplɪm(ə)nt/</code></div>,"<div class='audio-player'><div class='play-button'>:loudspeaker:</div><audio preload='auto'><source src='https://dict.youdao.com/dictvoice?audio=implement&type=2' type='audio/ogg'></audio><code>/ˈɪmplɪmənt/</code>, <code>/ˈɪmpləˌment/</code></div>",:x: `/ɪm'plem(ə)nt/`
61,integer,<div class='audio-player'><div class='play-button'>:loudspeaker:</div><audio preload='auto'><source src='https://dict.youdao.com/dictvoice?audio=integer&type=1' type='audio/ogg'></audio><code>/'ɪntɪdʒə/</code></div>,<div class='audio-player'><div class='play-button'>:loudspeaker:</div><audio preload='auto'><source src='https://dict.youdao.com/dictvoice?audio=integer&type=2' type='audio/ogg'></audio><code>/ˈɪntɪdʒər/</code></div>,:x: `/ˈɪntaɪgə/`
62,issue,<div class='audio-player'><div class='play-button'>:loudspeaker:</div><audio preload='auto'><source src='https://dict.youdao.com/dictvoice?audio=issue&type=1' type='audio/ogg'></audio><code>/'ɪʃuː/</code></div>,<div class='audio-player'><div class='play-button'>:loudspeaker:</div><audio preload='auto'><source src='https://dict.youdao.com/dictvoice?audio=issue&type=2' type='audio/ogg'></audio><code>/ˈɪʃuː/</code></div>,:x: `/ˈaɪʃuː/`
63,Java,<div class='audio-player'><div class='play-button'>:loudspeaker:</div><audio preload='auto'><source src='https://dict.youdao.com/dictvoice?audio=java&type=1' type='audio/ogg'></audio><code>/'dʒɑːvə/</code></div>,<div class='audio-player'><div class='play-button'>:loudspeaker:</div><audio preload='auto'><source src='https://dict.youdao.com/dictvoice?audio=java&type=2' type='audio/ogg'></audio><code>/ˈdʒɑːvə/</code></div>,:x: 
64,jpg,<div class='audio-player'><div class='play-button'>:loudspeaker:</div><audio preload='auto'><source src='https://dict.youdao.com/dictvoice?audio=JPEG&type=1' type='audio/ogg'></audio><code>/'dʒeɪpeɡ/</code></div>,<div class='audio-player'><div class='play-button'>:loudspeaker:</div><audio preload='auto'><source src='https://dict.youdao.com/dictvoice?audio=JPEG&type=2' type='audio/ogg'></audio><code>/'dʒeɪpeɡ/</code></div>,:x: `/ˈdʒeɪˈpi:ˈdʒiː/`
65,key,<div class='audio-player'><div class='play-button'>:loudspeaker:</div><audio preload='auto'><source src='https://dict.youdao.com/dictvoice?audio=key&type=1' type='audio/ogg'></audio><code>/kiː/</code></div>,<div class='audio-player'><div class='play-button'>:loudspeaker:</div><audio preload='auto'><source src='https://dict.youdao.com/dictvoice?audio=key&type=2' type='audio/ogg'></audio><code>/kiː/</code></div>,:x: `/kei/`
66,Kubernetes*,<div class='audio-player'><div class='play-button'>:loudspeaker:</div><audio preload='auto'><source src='https://dict.youdao.com/dictvoice?audio=Kubernetes&type=2' type='audio/ogg'></audio><code>/kubз'netɪs/</code></div>,<div class='audio-player'><div class='play-button'>:loudspeaker:</div><audio preload='auto'><source src='https://dict.youdao.com/dictvoice?audio=Kubernetes&type=2' type='audio/ogg'></audio><code>/kuːbə˞'netiz/</code></div>,:x: 
67,lambda,<div class='audio-player'><div class='play-button'>:loudspeaker:</div><audio preload='auto'><source src='https://dict.youdao.com/dictvoice?audio=lambda&type=1' type='audio/ogg'></audio><code>/ˈlæmdə/</code></div>,<div class='audio-player'><div class='play-button'>:loudspeaker:</div><audio preload='auto'><source src='https://dict.youdao.com/dictvoice?audio=lambda&type=2' type='audio/ogg'></audio><code>/ˈlæmdə/</code></div>,:x: `/ˈlɒŋmdɑ/`
68,Ldap,<div class='audio-player'><div class='play-button'>:loudspeaker:</div><audio preload='auto'><source src='https://dict.youdao.com/dictvoice?audio=ldap&type=1' type='audio/ogg'></audio><code>/el'dæp/</code></div>,<div class='audio-player'><div class='play-button'>:loudspeaker:</div><audio preload='auto'><source src='https://dict.youdao.com/dictvoice?audio=ldap&type=2' type='audio/ogg'></audio><code>/el'dæp/</code></div>,:x: `/el'daːp/`
69,legacy,<div class='audio-player'><div class='play-button'>:loudspeaker:</div><audio preload='auto'><source src='https://dict.youdao.com/dictvoice?audio=legacy&type=1' type='audio/ogg'></audio><code>/'leɡəsi/</code></div>,<div class='audio-player'><div class='play-button'>:loudspeaker:</div><audio preload='auto'><source src='https://dict.youdao.com/dictvoice?audio=legacy&type=2' type='audio/ogg'></audio><code>/'leɡəsi/</code></div>,:x: `/'li:gasi/`
70,linear,<div class='audio-player'><div class='play-button'>:loudspeaker:</div><audio preload='auto'><source src='https://dict.youdao.com/dictvoice?audio=linear&type=1' type='audio/ogg'></audio><code>/'lɪnɪə/</code></div>,<div class='audio-player'><div class='play-button'>:loudspeaker:</div><audio preload='auto'><source src='https://dict.youdao.com/dictvoice?audio=linear&type=2' type='audio/ogg'></audio><code>/ˈlɪniər/</code></div>,:x: `/'laɪə/`
71,LINQ,<div class='audio-player'><div class='play-button'>:loudspeaker:</div><audio preload='auto'><source src='https://dict.youdao.com/dictvoice?audio=link&type=1' type='audio/ogg'></audio><code>/lɪŋk/</code></div>,<div class='audio-player'><div class='play-button'>:loudspeaker:</div><audio preload='auto'><source src='https://dict.youdao.com/dictvoice?audio=link&type=2' type='audio/ogg'></audio><code>/lɪŋk/</code></div>,:x: `/lɪŋkju:/`
72,Linux,<div class='audio-player'><div class='play-button'>:loudspeaker:</div><audio preload='auto'><source src='https://dict.youdao.com/dictvoice?audio=linux&type=1' type='audio/ogg'></audio><code>/'lɪnəks/</code></div>,"<div class='audio-player'><div class='play-button'>:loudspeaker:</div><audio preload='auto'><source src='https://dict.youdao.com/dictvoice?audio=linux&type=2' type='audio/ogg'></audio><code>/ˈlaɪnəks/</code>, <code>/ˈlɪnəks/</code></div>",:x: `/ˈlɪnʌks/`
73,locale,<div class='audio-player'><div class='play-button'>:loudspeaker:</div><audio preload='auto'><source src='https://dict.youdao.com/dictvoice?audio=locale&type=1' type='audio/ogg'></audio><code>/ləʊ'kɑːl/</code></div>,<div class='audio-player'><div class='play-button'>:loudspeaker:</div><audio preload='auto'><source src='https://dict.youdao.com/dictvoice?audio=locale&type=2' type='audio/ogg'></audio><code>/loʊˈkæl/</code></div>,:x: `/ˈloʊk(ə)l/`
74,Lucene,<div class='audio-player'><div class='play-button'>:loudspeaker:</div><audio preload='auto'><source src='https://dict.youdao.com/dictvoice?audio=lucene&type=1' type='audio/ogg'></audio><code>/lu'siːn/</code></div>,<div class='audio-player'><div class='play-button'>:loudspeaker:</div><audio preload='auto'><source src='https://dict.youdao.com/dictvoice?audio=lucene&type=2' type='audio/ogg'></audio><code>/lu'siːn/</code></div>,:x: `/'lu:sən/`
75,macro,<div class='audio-player'><div class='play-button'>:loudspeaker:</div><audio preload='auto'><source src='https://dict.youdao.com/dictvoice?audio=macro&type=1' type='audio/ogg'></audio><code>/ˈmækrəʊ/</code></div>,<div class='audio-player'><div class='play-button'>:loudspeaker:</div><audio preload='auto'><source src='https://dict.youdao.com/dictvoice?audio=macro&type=2' type='audio/ogg'></audio><code>/ˈmækroʊ/</code></div>,:x: `/ˈmakroʊ/`
76,main,<div class='audio-player'><div class='play-button'>:loudspeaker:</div><audio preload='auto'><source src='https://dict.youdao.com/dictvoice?audio=main&type=1' type='audio/ogg'></audio><code>/meɪn/</code></div>,<div class='audio-player'><div class='play-button'>:loudspeaker:</div><audio preload='auto'><source src='https://dict.youdao.com/dictvoice?audio=main&type=2' type='audio/ogg'></audio><code>/meɪn/</code></div>,:x: `/mɪn/`
77,margin,<div class='audio-player'><div class='play-button'>:loudspeaker:</div><audio preload='auto'><source src='https://dict.youdao.com/dictvoice?audio=margin&type=1' type='audio/ogg'></audio><code>/'mɑːdʒɪn/</code></div>,<div class='audio-player'><div class='play-button'>:loudspeaker:</div><audio preload='auto'><source src='https://dict.youdao.com/dictvoice?audio=margin&type=2' type='audio/ogg'></audio><code>/ˈmɑːrdʒɪn/</code></div>,:x: `/'mʌgɪn/`
78,matrix,<div class='audio-player'><div class='play-button'>:loudspeaker:</div><audio preload='auto'><source src='https://dict.youdao.com/dictvoice?audio=matrix&type=1' type='audio/ogg'></audio><code>/ˈmeɪtrɪks/</code></div>,<div class='audio-player'><div class='play-button'>:loudspeaker:</div><audio preload='auto'><source src='https://dict.youdao.com/dictvoice?audio=matrix&type=2' type='audio/ogg'></audio><code>/ˈmeɪtrɪks/</code></div>,:x: `/ˈmɑ:trɪks/`
79,maven,<div class='audio-player'><div class='play-button'>:loudspeaker:</div><audio preload='auto'><source src='https://dict.youdao.com/dictvoice?audio=maven&type=1' type='audio/ogg'></audio><code>/'meɪvn/</code></div>,<div class='audio-player'><div class='play-button'>:loudspeaker:</div><audio preload='auto'><source src='https://dict.youdao.com/dictvoice?audio=maven&type=2' type='audio/ogg'></audio><code>/ˈmeɪvn/</code></div>,:x: `/'maːvn/`
80,max,<div class='audio-player'><div class='play-button'>:loudspeaker:</div><audio preload='auto'><source src='https://dict.youdao.com/dictvoice?audio=max&type=1' type='audio/ogg'></audio><code>/mæks/</code></div>,<div class='audio-player'><div class='play-button'>:loudspeaker:</div><audio preload='auto'><source src='https://dict.youdao.com/dictvoice?audio=max&type=2' type='audio/ogg'></audio><code>/mæks/</code></div>,:x: `/mɑ:ks/`
81,Microsoft,<div class='audio-player'><div class='play-button'>:loudspeaker:</div><audio preload='auto'><source src='https://dict.youdao.com/dictvoice?audio=Microsoft&type=1' type='audio/ogg'></audio><code>/'maikrəusɔft/</code></div>,<div class='audio-player'><div class='play-button'>:loudspeaker:</div><audio preload='auto'><source src='https://dict.youdao.com/dictvoice?audio=Microsoft&type=2' type='audio/ogg'></audio><code>/ˈmaɪkrəsɔːft/</code></div>,:x: `/'mikrəusɔft/`
82,migrate,<div class='audio-player'><div class='play-button'>:loudspeaker:</div><audio preload='auto'><source src='https://dict.youdao.com/dictvoice?audio=migrate&type=1' type='audio/ogg'></audio><code>/maɪˈɡreɪt/</code></div>,<div class='audio-player'><div class='play-button'>:loudspeaker:</div><audio preload='auto'><source src='https://dict.youdao.com/dictvoice?audio=migrate&type=2' type='audio/ogg'></audio><code>/ˈmaɪɡreɪt/</code></div>,:x: `/ˈmɪɡreɪt/`
83,miscellaneous,<div class='audio-player'><div class='play-button'>:loudspeaker:</div><audio preload='auto'><source src='https://dict.youdao.com/dictvoice?audio=miscellaneous&type=1' type='audio/ogg'></audio><code>/ˌmɪsəˈleɪniəs/</code></div>,<div class='audio-player'><div class='play-button'>:loudspeaker:</div><audio preload='auto'><source src='https://dict.youdao.com/dictvoice?audio=miscellaneous&type=2' type='audio/ogg'></audio><code>/ˌmɪsəˈleɪniəs/</code></div>,:x: 
84,module,<div class='audio-player'><div class='play-button'>:loudspeaker:</div><audio preload='auto'><source src='https://dict.youdao.com/dictvoice?audio=module&type=1' type='audio/ogg'></audio><code>/'mɒdjuːl/</code></div>,<div class='audio-player'><div class='play-button'>:loudspeaker:</div><audio preload='auto'><source src='https://dict.youdao.com/dictvoice?audio=module&type=2' type='audio/ogg'></audio><code>/ˈmɑːdʒuːl/</code></div>,:x: `/'məʊdl/`
85,native,<div class='audio-player'><div class='play-button'>:loudspeaker:</div><audio preload='auto'><source src='https://dict.youdao.com/dictvoice?audio=native&type=1' type='audio/ogg'></audio><code>/ˈneɪtɪv/</code></div>,<div class='audio-player'><div class='play-button'>:loudspeaker:</div><audio preload='auto'><source src='https://dict.youdao.com/dictvoice?audio=native&type=2' type='audio/ogg'></audio><code>/ˈneɪtɪv/</code></div>,:x: `/ˈnætɪv/`
86,nginx,Engine X,Engine X,:x: 
87, ,<div class='audio-player'><div class='play-button'>:loudspeaker:</div><audio preload='auto'><source src='https://dict.youdao.com/dictvoice?audio=null&type=1' type='audio/ogg'></audio><code>/nʌl/</code></div>,<div class='audio-player'><div class='play-button'>:loudspeaker:</div><audio preload='auto'><source src='https://dict.youdao.com/dictvoice?audio=null&type=2' type='audio/ogg'></audio><code>/nʌl/</code></div>,:x: `/naʊ/`
88,obsolete,<div class='audio-player'><div class='play-button'>:loudspeaker:</div><audio preload='auto'><source src='https://dict.youdao.com/dictvoice?audio=obsolete&type=1' type='audio/ogg'></audio><code>/ˈɒbsəliːt/</code></div>,<div class='audio-player'><div class='play-button'>:loudspeaker:</div><audio preload='auto'><source src='https://dict.youdao.com/dictvoice?audio=obsolete&type=2' type='audio/ogg'></audio><code>/ˌɑːbsəˈliːt/</code></div>,:x: 
89,OS X,OS ten,OS ten,:x: `/ɔs eks/`
90,phantom,<div class='audio-player'><div class='play-button'>:loudspeaker:</div><audio preload='auto'><source src='https://dict.youdao.com/dictvoice?audio=phantom&type=1' type='audio/ogg'></audio><code>/'fæntəm/</code></div>,<div class='audio-player'><div class='play-button'>:loudspeaker:</div><audio preload='auto'><source src='https://dict.youdao.com/dictvoice?audio=phantom&type=2' type='audio/ogg'></audio><code>/ˈfæntəm/</code></div>,:x: `/'pæntəm/`
91,parameter,<div class='audio-player'><div class='play-button'>:loudspeaker:</div><audio preload='auto'><source src='https://dict.youdao.com/dictvoice?audio=parameter&type=1' type='audio/ogg'></audio><code>/pə'ræmɪtə/</code></div>,<div class='audio-player'><div class='play-button'>:loudspeaker:</div><audio preload='auto'><source src='https://dict.youdao.com/dictvoice?audio=parameter&type=2' type='audio/ogg'></audio><code>/pəˈræmɪtər/</code></div>,:x: `/'pærəmɪtə/`
92,premise,<div class='audio-player'><div class='play-button'>:loudspeaker:</div><audio preload='auto'><source src='https://dict.youdao.com/dictvoice?audio=premise&type=1' type='audio/ogg'></audio><code>/ˈpremɪs/</code></div>,<div class='audio-player'><div class='play-button'>:loudspeaker:</div><audio preload='auto'><source src='https://dict.youdao.com/dictvoice?audio=premise&type=2' type='audio/ogg'></audio><code>/ˈpremɪs/</code></div>,:x: `/prɪ'mɪs/`
93,privilege,<div class='audio-player'><div class='play-button'>:loudspeaker:</div><audio preload='auto'><source src='https://dict.youdao.com/dictvoice?audio=privilege&type=1' type='audio/ogg'></audio><code>/'prɪvəlɪdʒ/</code></div>,<div class='audio-player'><div class='play-button'>:loudspeaker:</div><audio preload='auto'><source src='https://dict.youdao.com/dictvoice?audio=privilege&type=2' type='audio/ogg'></audio><code>/ˈprɪvəlɪdʒ/</code></div>,:x: `/'prɪvɪlɪdʒ/`
94,probe,<div class='audio-player'><div class='play-button'>:loudspeaker:</div><audio preload='auto'><source src='https://dict.youdao.com/dictvoice?audio=probe&type=1' type='audio/ogg'></audio><code>/prəʊb/</code></div>,<div class='audio-player'><div class='play-button'>:loudspeaker:</div><audio preload='auto'><source src='https://dict.youdao.com/dictvoice?audio=probe&type=2' type='audio/ogg'></audio><code>/proʊb/</code></div>,:x: `/proʊbi/`
95,Prometheus,<div class='audio-player'><div class='play-button'>:loudspeaker:</div><audio preload='auto'><source src='https://dict.youdao.com/dictvoice?audio=prometheus&type=1' type='audio/ogg'></audio><code>/prə-ˈmē-thē-əs/</code></div>,<div class='audio-player'><div class='play-button'>:loudspeaker:</div><audio preload='auto'><source src='https://dict.youdao.com/dictvoice?audio=prometheus&type=2' type='audio/ogg'></audio><code>/pro'miθɪəs/</code></div>,:x: 
96,putty,<div class='audio-player'><div class='play-button'>:loudspeaker:</div><audio preload='auto'><source src='https://dict.youdao.com/dictvoice?audio=putty&type=1' type='audio/ogg'></audio><code>/ˈpʌti/</code></div>,<div class='audio-player'><div class='play-button'>:loudspeaker:</div><audio preload='auto'><source src='https://dict.youdao.com/dictvoice?audio=putty&type=2' type='audio/ogg'></audio><code>/ˈpʌti/</code></div>,:x: `/ˈpuːti/`
97,Qt,<div class='audio-player'><div class='play-button'>:loudspeaker:</div><audio preload='auto'><source src='https://dict.youdao.com/dictvoice?audio=cute&type=1' type='audio/ogg'></audio><code>/kjuːt/</code></div>,<div class='audio-player'><div class='play-button'>:loudspeaker:</div><audio preload='auto'><source src='https://dict.youdao.com/dictvoice?audio=cute&type=2' type='audio/ogg'></audio><code>/kjuːt/</code></div>,:x: 
98,query,<div class='audio-player'><div class='play-button'>:loudspeaker:</div><audio preload='auto'><source src='https://dict.youdao.com/dictvoice?audio=query&type=1' type='audio/ogg'></audio><code>/'kwɪəri/</code></div>,<div class='audio-player'><div class='play-button'>:loudspeaker:</div><audio preload='auto'><source src='https://dict.youdao.com/dictvoice?audio=query&type=2' type='audio/ogg'></audio><code>/ˈkwɪri/</code></div>,:x: `/'kwaɪri/`
99,Realm,<div class='audio-player'><div class='play-button'>:loudspeaker:</div><audio preload='auto'><source src='https://dict.youdao.com/dictvoice?audio=realm&type=1' type='audio/ogg'></audio><code>/relm/</code></div>,<div class='audio-player'><div class='play-button'>:loudspeaker:</div><audio preload='auto'><source src='https://dict.youdao.com/dictvoice?audio=realm&type=2' type='audio/ogg'></audio><code>/relm/</code></div>,:x: `/riəlm/`
100,reconcile,<div class='audio-player'><div class='play-button'>:loudspeaker:</div><audio preload='auto'><source src='https://dict.youdao.com/dictvoice?audio=reconcile&type=1' type='audio/ogg'></audio><code>/ˈrekənsaɪl/</code></div>,<div class='audio-player'><div class='play-button'>:loudspeaker:</div><audio preload='auto'><source src='https://dict.youdao.com/dictvoice?audio=reconcile&type=2' type='audio/ogg'></audio><code>/ˈrekənsaɪl/</code></div>,:x: 
101,Redux,<div class='audio-player'><div class='play-button'>:loudspeaker:</div><audio preload='auto'><source src='https://dict.youdao.com/dictvoice?audio=redux&type=1' type='audio/ogg'></audio><code>/ri'dʌks/</code></div>,<div class='audio-player'><div class='play-button'>:loudspeaker:</div><audio preload='auto'><source src='https://dict.youdao.com/dictvoice?audio=redux&type=2' type='audio/ogg'></audio><code>/ri'dʌks/</code></div>,:x: `/'ridju:ks/`
102,resume,<div class='audio-player'><div class='play-button'>:loudspeaker:</div><audio preload='auto'><source src='https://dict.youdao.com/dictvoice?audio=resume&type=1' type='audio/ogg'></audio><code>/rɪ'zju:m/</code></div>,<div class='audio-player'><div class='play-button'>:loudspeaker:</div><audio preload='auto'><source src='https://dict.youdao.com/dictvoice?audio=resume&type=2' type='audio/ogg'></audio><code>/rɪˈzuːm/</code></div>,:x: `/rɪ'sju:m/`
103,resolved,<div class='audio-player'><div class='play-button'>:loudspeaker:</div><audio preload='auto'><source src='https://dict.youdao.com/dictvoice?audio=resolved&type=1' type='audio/ogg'></audio><code>/rɪ'zɒlvd/</code></div>,<div class='audio-player'><div class='play-button'>:loudspeaker:</div><audio preload='auto'><source src='https://dict.youdao.com/dictvoice?audio=resolved&type=2' type='audio/ogg'></audio><code>/rɪˈzɑːlvd/</code></div>,:x: `/rɪ'səʊvd/`
104,resort,<div class='audio-player'><div class='play-button'>:loudspeaker:</div><audio preload='auto'><source src='https://dict.youdao.com/dictvoice?audio=resort&type=1' type='audio/ogg'></audio><code>/rɪˈzɔ:t/</code></div>,<div class='audio-player'><div class='play-button'>:loudspeaker:</div><audio preload='auto'><source src='https://dict.youdao.com/dictvoice?audio=resort&type=2' type='audio/ogg'></audio><code>/rɪˈzɔːrt/</code></div>,:x: `/rɪˈsɔ:t/`
105,retina,<div class='audio-player'><div class='play-button'>:loudspeaker:</div><audio preload='auto'><source src='https://dict.youdao.com/dictvoice?audio=retina&type=1' type='audio/ogg'></audio><code>/'retɪnə/</code></div>,<div class='audio-player'><div class='play-button'>:loudspeaker:</div><audio preload='auto'><source src='https://dict.youdao.com/dictvoice?audio=retina&type=2' type='audio/ogg'></audio><code>/ˈretɪnə/</code></div>,:x: `/ri'tina/`
106,route,<div class='audio-player'><div class='play-button'>:loudspeaker:</div><audio preload='auto'><source src='https://dict.youdao.com/dictvoice?audio=route&type=1' type='audio/ogg'></audio><code>/ruːt/</code></div>,"<div class='audio-player'><div class='play-button'>:loudspeaker:</div><audio preload='auto'><source src='https://dict.youdao.com/dictvoice?audio=route&type=2' type='audio/ogg'></audio><code>/ruːt,raʊt/</code></div>",:x: `/rəʊt/`
107,San Jose,<div class='audio-player'><div class='play-button'>:loudspeaker:</div><audio preload='auto'><source src='https://dict.youdao.com/dictvoice?audio=san%20jose&type=1' type='audio/ogg'></audio><code>/sænhəu'zei/</code></div>,<div class='audio-player'><div class='play-button'>:loudspeaker:</div><audio preload='auto'><source src='https://dict.youdao.com/dictvoice?audio=san%20jose&type=2' type='audio/ogg'></audio><code>/sænhəu'zei/</code></div>,:x: `/sæn'ju:s/`
108,safari,<div class='audio-player'><div class='play-button'>:loudspeaker:</div><audio preload='auto'><source src='https://dict.youdao.com/dictvoice?audio=safari&type=1' type='audio/ogg'></audio><code>/sə'fɑːrɪ/</code></div>,<div class='audio-player'><div class='play-button'>:loudspeaker:</div><audio preload='auto'><source src='https://dict.youdao.com/dictvoice?audio=safari&type=2' type='audio/ogg'></audio><code>/səˈfɑːri/</code></div>,:x: `/sæfərɪ/`
109,scheme,<div class='audio-player'><div class='play-button'>:loudspeaker:</div><audio preload='auto'><source src='https://dict.youdao.com/dictvoice?audio=scheme&type=1' type='audio/ogg'></audio><code>/skiːm/</code></div>,<div class='audio-player'><div class='play-button'>:loudspeaker:</div><audio preload='auto'><source src='https://dict.youdao.com/dictvoice?audio=scheme&type=2' type='audio/ogg'></audio><code>/skiːm/</code></div>,:x: `/s'kæmə/`
110,scala,<div class='audio-player'><div class='play-button'>:loudspeaker:</div><audio preload='auto'><source src='https://dict.youdao.com/dictvoice?audio=scala&type=1' type='audio/ogg'></audio><code>/ˈskɑːlɑ/</code></div>,<div class='audio-player'><div class='play-button'>:loudspeaker:</div><audio preload='auto'><source src='https://dict.youdao.com/dictvoice?audio=scala&type=2' type='audio/ogg'></audio><code>/ˈskɑːlɑ/</code></div>,:x: `/ˈskæːlɑ/`
111,segue,<div class='audio-player'><div class='play-button'>:loudspeaker:</div><audio preload='auto'><source src='https://dict.youdao.com/dictvoice?audio=segue&type=1' type='audio/ogg'></audio><code>/'sɛɡwe/</code></div>,<div class='audio-player'><div class='play-button'>:loudspeaker:</div><audio preload='auto'><source src='https://dict.youdao.com/dictvoice?audio=segue&type=2' type='audio/ogg'></audio><code>/ˈseɡweɪ/</code></div>,:x: `/se'dʒ/`
112,SQL,"<code>/ˈsiːkwəl/</code>, <code>/ˈesˈkjuːˈel/</code>","<code>/ˈsiːkwəl/</code>, <code>/ˈesˈkjuːˈel/</code>",:x: `/sərk(ə)l/`
113,sudo,<code>/'suːduː/</code>,<code>/'suːduː/</code>,:x: 
114,suite,<div class='audio-player'><div class='play-button'>:loudspeaker:</div><audio preload='auto'><source src='https://dict.youdao.com/dictvoice?audio=suite&type=1' type='audio/ogg'></audio><code>/swiːt/</code></div>,<div class='audio-player'><div class='play-button'>:loudspeaker:</div><audio preload='auto'><source src='https://dict.youdao.com/dictvoice?audio=suite&type=2' type='audio/ogg'></audio><code>/swiːt/</code></div>,:x: `/sjuːt/`
115,telemetry,<div class='audio-player'><div class='play-button'>:loudspeaker:</div><audio preload='auto'><source src='https://dict.youdao.com/dictvoice?audio=telemetry&type=1' type='audio/ogg'></audio><code>/təˈlemətri/</code></div>,<div class='audio-player'><div class='play-button'>:loudspeaker:</div><audio preload='auto'><source src='https://dict.youdao.com/dictvoice?audio=telemetry&type=2' type='audio/ogg'></audio><code>/təˈlemətri/</code></div>,:x: `/ˈtelɪmətri/`
116,thymeleaf,<div class='audio-player'><div class='play-button'>:loudspeaker:</div><audio preload='auto'><source src='https://dict.youdao.com/dictvoice?audio=thymeleaf&type=1' type='audio/ogg'></audio><code>/ˈtaɪmˌlɪːf/</code></div>,<div class='audio-player'><div class='play-button'>:loudspeaker:</div><audio preload='auto'><source src='https://dict.youdao.com/dictvoice?audio=thymeleaf&type=2' type='audio/ogg'></audio><code>/ˈtaɪmˌlɪːf/</code></div>,:x: `/θiːmɪlɪːf/`
117,tuple,<div class='audio-player'><div class='play-button'>:loudspeaker:</div><audio preload='auto'><source src='https://dict.youdao.com/dictvoice?audio=tuple&type=1' type='audio/ogg'></audio><code>/tjʊpəl/</code></div>,<div class='audio-player'><div class='play-button'>:loudspeaker:</div><audio preload='auto'><source src='https://dict.youdao.com/dictvoice?audio=tuple&type=2' type='audio/ogg'></audio><code>/tuːpəl/</code></div>,:x: 
118,typical,<div class='audio-player'><div class='play-button'>:loudspeaker:</div><audio preload='auto'><source src='https://dict.youdao.com/dictvoice?audio=typical&type=1' type='audio/ogg'></audio><code>/'tɪpɪkl/</code></div>,<div class='audio-player'><div class='play-button'>:loudspeaker:</div><audio preload='auto'><source src='https://dict.youdao.com/dictvoice?audio=typical&type=2' type='audio/ogg'></audio><code>/ˈtɪpɪkl/</code></div>,:x: `/'taɪpɪkəl/`
119,Ubuntu,<div class='audio-player'><div class='play-button'>:loudspeaker:</div><audio preload='auto'><source src='https://upload.wikimedia.org/wikipedia/commons/b/b5/En-Ubuntu_pronunciation.oga' type='audio/ogg'></audio><code>/ʊ'bʊntʊ/</code></div>,<div class='audio-player'><div class='play-button'>:loudspeaker:</div><audio preload='auto'><source src='https://upload.wikimedia.org/wikipedia/commons/b/b5/En-Ubuntu_pronunciation.oga' type='audio/ogg'></audio><code>/ʊ'bʊntʊ/</code></div>,:x: `/juː'bʊntʊ/`
120,UEFI,U-E-F-I,U-E-F-I,:x: `/jufi/`
121,Vagrant,<div class='audio-player'><div class='play-button'>:loudspeaker:</div><audio preload='auto'><source src='https://dict.youdao.com/dictvoice?audio=Vagrant&type=1' type='audio/ogg'></audio><code>/ˈveɪɡrənt/</code></div>,<div class='audio-player'><div class='play-button'>:loudspeaker:</div><audio preload='auto'><source src='https://dict.youdao.com/dictvoice?audio=Vagrant&type=2' type='audio/ogg'></audio><code>/ˈveɪɡrənt/</code></div>,:x: /ˈvagɹent/
122,variable,<div class='audio-player'><div class='play-button'>:loudspeaker:</div><audio preload='auto'><source src='https://dict.youdao.com/dictvoice?audio=variable&type=1' type='audio/ogg'></audio><code>/'veəriəbl/</code></div>,"<div class='audio-player'><div class='play-button'>:loudspeaker:</div><audio preload='auto'><source src='https://dict.youdao.com/dictvoice?audio=variable&type=2' type='audio/ogg'></audio><code>/ˈveriəbl,ˈværiəbl/</code></div>",:x: `/və'raiəbl/`
123,verbose,<div class='audio-player'><div class='play-button'>:loudspeaker:</div><audio preload='auto'><source src='https://dict.youdao.com/dictvoice?audio=verbose&type=1' type='audio/ogg'></audio><code>/vɜːˈbəʊs/</code></div>,<div class='audio-player'><div class='play-button'>:loudspeaker:</div><audio preload='auto'><source src='https://dict.youdao.com/dictvoice?audio=verbose&type=2' type='audio/ogg'></audio><code>/vɜːrˈboʊs/</code></div>,:x: `/'vɜːrboʊs/`
124,vue,<div class='audio-player'><div class='play-button'>:loudspeaker:</div><audio preload='auto'><source src='https://dict.youdao.com/dictvoice?audio=vue&type=1' type='audio/ogg'></audio><code>/v'ju:/</code></div>,<div class='audio-player'><div class='play-button'>:loudspeaker:</div><audio preload='auto'><source src='https://dict.youdao.com/dictvoice?audio=vue&type=2' type='audio/ogg'></audio><code>/v'ju:/</code></div>,:x: `/v'ju:i/`
125,width,<div class='audio-player'><div class='play-button'>:loudspeaker:</div><audio preload='auto'><source src='https://dict.youdao.com/dictvoice?audio=width&type=1' type='audio/ogg'></audio><code>/wɪdθ/</code></div>,"<div class='audio-player'><div class='play-button'>:loudspeaker:</div><audio preload='auto'><source src='https://dict.youdao.com/dictvoice?audio=width&type=2' type='audio/ogg'></audio><code>/wɪdθ,wɪtθ/</code></div>",:x: `/waɪdθ/`
126,YouTube,<div class='audio-player'><div class='play-button'>:loudspeaker:</div><audio preload='auto'><source src='https://dict.youdao.com/dictvoice?audio=youtube&type=1' type='audio/ogg'></audio><code>/'juː'tjuːb/</code></div>,<div class='audio-player'><div class='play-button'>:loudspeaker:</div><audio preload='auto'><source src='https://dict.youdao.com/dictvoice?audio=youtube&type=2' type='audio/ogg'></audio><code>/'juː'tjuːb/</code></div>,:x: `/'juː'tʊbɪ/`
127,Vite,<div class='audio-player'><div class='play-button'>:loudspeaker:</div><audio preload='auto'><source src='https://dict.youdao.com/dictvoice?audio=vite&type=1' type='audio/ogg'></audio><code>/vit/</code></div>,<div class='audio-player'><div class='play-button'>:loudspeaker:</div><audio preload='auto'><source src='https://dict.youdao.com/dictvoice?audio=vite&type=2' type='audio/ogg'></audio><code>/vit/</code></div>,:x: `/vaɪt/`
